Date,Description,Amount,Balance
01/11/2025,OPENING BALANCE,8000000,8000000
01/11/2025,OFFICE RENT CLERKENWELL,-8500,7991500
03/11/2025,AMAZON WEB SERVICES,-8400,7983100
03/11/2025,DATADOG INC,-2100,7981000
03/11/2025,HEROKU INC,-1400,7979600
05/11/2025,GITHUB INC,-480,7979120
05/11/2025,GOOGLE WORKSPACE,-1200,7977920
05/11/2025,HUBSPOT INC,-2800,7975120
05/11/2025,SLACK TECHNOLOGIES,-620,7974500
07/11/2025,HMRC VAT PAYMENT,-28400,7946100
08/11/2025,FIGMA INC,-420,7945680
08/11/2025,NOTION LABS,-340,7945340
08/11/2025,ZOOM VIDEO,-280,7945060
10/11/2025,STRATEGIC INITIATIVE RESERVE,-650000,7295060
10/11/2025,VODAFONE BUSINESS,-890,7294170
12/11/2025,TRAINLINE BUSINESS,-380,7293790
15/11/2025,CONTRACTOR PAYMENT JAMES WRIGHT,-6500,7287290
15/11/2025,CONTRACTOR PAYMENT SARAH CHEN,-5800,7281490
15/11/2025,STRIPE PAYOUT NEXUS,95000,7376490
16/11/2025,CONTRACTOR PAYMENT KUMAR PATEL,-4200,7372290
16/11/2025,BACS CREDIT TECHVENTURES,28000,7400290
19/11/2025,HMRC PAYE,-44000,7356290
20/11/2025,ACCOUNTANCY FIRM LLP,-3500,7352790
27/11/2025,BACS PAYROLL,-185000,7167790
28/11/2025,STRIPE INC FEES,-1200,7166590
28/11/2025,STRIPE PAYOUT NEXUS,87000,7253590
30/11/2025,BACS EMPLOYER COSTS,-150574,7103016
01/12/2025,OFFICE RENT CLERKENWELL,-8500,7094516
03/12/2025,AMAZON WEB SERVICES,-8400,7086116
03/12/2025,DATADOG INC,-2100,7084016
03/12/2025,HEROKU INC,-1400,7082616
05/12/2025,GITHUB INC,-480,7082136
05/12/2025,GOOGLE WORKSPACE,-1200,7080936
05/12/2025,HUBSPOT INC,-2800,7078136
05/12/2025,SLACK TECHNOLOGIES,-620,7077516
08/12/2025,FIGMA INC,-420,7077096
08/12/2025,NOTION LABS,-340,7076756
08/12/2025,ZOOM VIDEO,-280,7076476
10/12/2025,VODAFONE BUSINESS,-890,7075586
12/12/2025,TRAINLINE BUSINESS,-380,7075206
12/12/2025,AWS ANNUAL SUPPORT,-4200,7071006
15/12/2025,CONTRACTOR PAYMENT JAMES WRIGHT,-6500,7064506
15/12/2025,CONTRACTOR PAYMENT SARAH CHEN,-5800,7058706
15/12/2025,STRIPE PAYOUT NEXUS,95000,7153706
16/12/2025,CONTRACTOR PAYMENT KUMAR PATEL,-4200,7149506
16/12/2025,BACS CREDIT CLIENTCO LTD,28000,7177506
18/12/2025,CHRISTMAS TEAM EVENT,-3800,7173706
19/12/2025,HMRC PAYE,-44000,7129706
20/12/2025,ACCOUNTANCY FIRM LLP,-3500,7126206
27/12/2025,BACS PAYROLL,-185000,6941206
28/12/2025,STRIPE INC FEES,-1200,6940006
28/12/2025,STRIPE PAYOUT NEXUS,87000,7027006
30/12/2025,BACS EMPLOYER COSTS,-150574,6876432
01/01/2026,OFFICE RENT CLERKENWELL,-8500,6867932
03/01/2026,AMAZON WEB SERVICES,-8400,6859532
03/01/2026,DATADOG INC,-2100,6857432
03/01/2026,HEROKU INC,-1400,6856032
05/01/2026,GITHUB INC,-480,6855552
05/01/2026,GOOGLE WORKSPACE,-1200,6854352
05/01/2026,HUBSPOT INC,-2800,6851552
05/01/2026,SLACK TECHNOLOGIES,-620,6850932
08/01/2026,FIGMA INC,-420,6850512
08/01/2026,NOTION LABS,-340,6850172
08/01/2026,ZOOM VIDEO,-280,6849892
10/01/2026,VODAFONE BUSINESS,-890,6849002
12/01/2026,TRAINLINE BUSINESS,-380,6848622
15/01/2026,CONTRACTOR PAYMENT JAMES WRIGHT,-6500,6842122
15/01/2026,CONTRACTOR PAYMENT SARAH CHEN,-5800,6836322
15/01/2026,STRIPE PAYOUT NEXUS,95000,6931322
15/01/2026,NEW HIRE EQUIPMENT APPLE,-8400,6922922
16/01/2026,CONTRACTOR PAYMENT KUMAR PATEL,-4200,6918722
16/01/2026,BACS CREDIT SCALEUP GROUP,28000,6946722
19/01/2026,HMRC PAYE,-44000,6902722
20/01/2026,ANNUAL SOFTWARE COMMITMENT,-678496,6224226
20/01/2026,ACCOUNTANCY FIRM LLP,-3500,6220726
27/01/2026,BACS PAYROLL,-185000,6035726
28/01/2026,STRIPE INC FEES,-1200,6034526
28/01/2026,STRIPE PAYOUT NEXUS,87000,6121526
30/01/2026,BACS EMPLOYER COSTS,-150574,5970952
01/02/2026,OFFICE RENT CLERKENWELL,-8500,5962452
03/02/2026,AMAZON WEB SERVICES,-8400,5954052
03/02/2026,DATADOG INC,-2100,5951952
03/02/2026,HEROKU INC,-1400,5950552
05/02/2026,GITHUB INC,-480,5950072
05/02/2026,GOOGLE WORKSPACE,-1200,5948872
05/02/2026,HUBSPOT INC,-2800,5946072
05/02/2026,SLACK TECHNOLOGIES,-620,5945452
07/02/2026,HMRC VAT PAYMENT,-31200,5914252
08/02/2026,FIGMA INC,-420,5913832
08/02/2026,NOTION LABS,-340,5913492
08/02/2026,ZOOM VIDEO,-280,5913212
10/02/2026,VODAFONE BUSINESS,-890,5912322
12/02/2026,TRAINLINE BUSINESS,-380,5911942
14/02/2026,LEGAL FEES TAYLOR WESSING,-12400,5899542
14/02/2026,USD WIRE CONTRACTOR AUSTIN TX,-8400,5891142
15/02/2026,CONTRACTOR PAYMENT JAMES WRIGHT,-6500,5884642
15/02/2026,CONTRACTOR PAYMENT SARAH CHEN,-5800,5878842
15/02/2026,STRIPE PAYOUT NEXUS,95000,5973842
16/02/2026,CONTRACTOR PAYMENT KUMAR PATEL,-4200,5969642
16/02/2026,BACS CREDIT MERIDIAN CAPITAL,28000,5997642
19/02/2026,HMRC PAYE,-44000,5953642
20/02/2026,ACCOUNTANCY FIRM LLP,-3500,5950142
27/02/2026,BACS PAYROLL,-185000,5765142
28/02/2026,STRIPE INC FEES,-1200,5763942
28/02/2026,STRIPE PAYOUT NEXUS,87000,5850942
28/02/2026,BACS EMPLOYER COSTS,-150574,5700368
01/03/2026,OFFICE RENT CLERKENWELL,-8500,5691868
03/03/2026,AMAZON WEB SERVICES,-8400,5683468
03/03/2026,DATADOG INC,-2100,5681368
03/03/2026,HEROKU INC,-1400,5679968
05/03/2026,GITHUB INC,-480,5679488
05/03/2026,GOOGLE WORKSPACE,-1200,5678288
05/03/2026,HUBSPOT INC,-2800,5675488
05/03/2026,SLACK TECHNOLOGIES,-620,5674868
08/03/2026,FIGMA INC,-420,5674448
08/03/2026,NOTION LABS,-340,5674108
08/03/2026,ZOOM VIDEO,-280,5673828
08/03/2026,RECRUITMENT FEE TALENT CO,-18500,5655328
10/03/2026,VODAFONE BUSINESS,-890,5654438
12/03/2026,TRAINLINE BUSINESS,-380,5654058
14/03/2026,USD WIRE CONTRACTOR AUSTIN TX,-8400,5645658
15/03/2026,CONTRACTOR PAYMENT JAMES WRIGHT,-6500,5639158
15/03/2026,CONTRACTOR PAYMENT SARAH CHEN,-5800,5633358
15/03/2026,STRIPE PAYOUT NEXUS,95000,5728358
16/03/2026,CONTRACTOR PAYMENT KUMAR PATEL,-4200,5724158
16/03/2026,BACS CREDIT TECHVENTURES,28000,5752158
19/03/2026,HMRC PAYE,-44000,5708158
20/03/2026,ACCOUNTANCY FIRM LLP,-3500,5704658
27/03/2026,BACS PAYROLL,-185000,5519658
28/03/2026,STRIPE INC FEES,-1200,5518458
28/03/2026,STRIPE PAYOUT NEXUS,87000,5605458
30/03/2026,BACS EMPLOYER COSTS,-150574,5454884
01/04/2026,OFFICE RENT CLERKENWELL,-8500,5446384
03/04/2026,AMAZON WEB SERVICES,-8400,5437984
03/04/2026,DATADOG INC,-2100,5435884
03/04/2026,HEROKU INC,-1400,5434484
05/04/2026,GITHUB INC,-480,5434004
05/04/2026,GOOGLE WORKSPACE,-1200,5432804
05/04/2026,HUBSPOT INC,-2800,5430004
05/04/2026,SLACK TECHNOLOGIES,-620,5429384
07/04/2026,HMRC VAT PAYMENT,-29800,5399584
08/04/2026,FIGMA INC,-420,5399164
08/04/2026,NOTION LABS,-340,5398824
08/04/2026,ZOOM VIDEO,-280,5398544
10/04/2026,VODAFONE BUSINESS,-890,5397654
12/04/2026,TRAINLINE BUSINESS,-380,5397274
15/04/2026,CONTRACTOR PAYMENT JAMES WRIGHT,-6500,5390774
15/04/2026,CONTRACTOR PAYMENT SARAH CHEN,-5800,5384974
15/04/2026,STRIPE PAYOUT NEXUS,95000,5479974
16/04/2026,CONTRACTOR PAYMENT KUMAR PATEL,-4200,5475774
16/04/2026,BACS CREDIT CLIENTCO LTD,28000,5503774
19/04/2026,HMRC PAYE,-44000,5459774
20/04/2026,ACCOUNTANCY FIRM LLP,-3500,5456274
22/04/2026,CONFERENCE SPONSORSHIP,-6500,5449774
27/04/2026,BACS PAYROLL,-185000,5264774
28/04/2026,STRIPE INC FEES,-1200,5263574
28/04/2026,STRIPE PAYOUT NEXUS,87000,5350574
30/04/2026,BACS EMPLOYER COSTS,-150574,5200000
